canonical_url,ats_platform
https://job-boards.greenhouse.io/foodcorps,Greenhouse
https://job-boards.greenhouse.io/casetify,Greenhouse
https://job-boards.greenhouse.io/happifyhealth,Greenhouse
https://job-boards.greenhouse.io/bird,Greenhouse
https://job-boards.greenhouse.io/dremio,Greenhouse
https://job-boards.greenhouse.io/sterling,Greenhouse
https://job-boards.greenhouse.io/parkmobileus,Greenhouse
https://job-boards.greenhouse.io/merchantsauto,Greenhouse
https://job-boards.greenhouse.io/canopytax,Greenhouse
https://job-boards.greenhouse.io/straitsx,Greenhouse
https://job-boards.greenhouse.io/nycedc,Greenhouse
https://job-boards.greenhouse.io/fractalteam,Greenhouse
https://job-boards.greenhouse.io/abdielcapital,Greenhouse
https://job-boards.greenhouse.io/github,Greenhouse
https://job-boards.greenhouse.io/theplanningshopuk,Greenhouse
https://job-boards.greenhouse.io/mcafee,Greenhouse
https://job-boards.greenhouse.io/peoplestrata,Greenhouse
https://job-boards.greenhouse.io/c3,Greenhouse
https://job-boards.greenhouse.io/vsapartners,Greenhouse
https://job-boards.greenhouse.io/zeel,Greenhouse
https://jobs.ashbyhq.com/fastapicloud,Ashby
https://jobs.ashbyhq.com/netgear,Ashby
https://jobs.ashbyhq.com/base-operations,Ashby
https://jobs.ashbyhq.com/vultr,Ashby
https://jobs.ashbyhq.com/Voya%20Energy,Ashby
https://jobs.ashbyhq.com/mexdigital,Ashby
https://jobs.ashbyhq.com/zodl,Ashby
https://jobs.ashbyhq.com/positive-development,Ashby
https://jobs.ashbyhq.com/arda-therapeutics,Ashby
https://jobs.ashbyhq.com/aryahealth.ai,Ashby
https://jobs.ashbyhq.com/abstraction.games,Ashby
https://jobs.ashbyhq.com/regent,Ashby
https://jobs.ashbyhq.com/hearth,Ashby
https://jobs.ashbyhq.com/mistral.ai,Ashby
https://jobs.ashbyhq.com/impulse,Ashby
https://jobs.ashbyhq.com/nen,Ashby
https://jobs.ashbyhq.com/gridverify,Ashby
https://jobs.ashbyhq.com/graphyte,Ashby
https://jobs.ashbyhq.com/bigeye,Ashby
https://jobs.ashbyhq.com/windborne-systems,Ashby
https://jobs.lever.co/tildei,Lever
https://jobs.lever.co/crewapp,Lever
https://jobs.lever.co/mulhalls,Lever
https://jobs.lever.co/straitcapital,Lever
https://jobs.lever.co/lqdigital,Lever
https://jobs.lever.co/d-one,Lever
https://jobs.lever.co/Rebuilt,Lever
https://jobs.lever.co/doranjones,Lever
https://jobs.lever.co/robust-ai,Lever
https://jobs.lever.co/chec,Lever
